landmark,camera_abbrev,direction,lat,long,x_pixel,y_pixel,x_res,y_res,intersection
white building - southwest,om,south,32.59389193,-116.8459189,2900,1715,3072,2048,0
white building - southwest,om,west,32.59389193,-116.8459189,423,1685,3072,2048,0
white building - south,om,south,32.59429754,-116.8447736,1780,1930,3072,2048,0
communication tower building - east,om,north,32.59548658,-116.8441407,2545,1725,3072,2048,0
large bush,om,east,32.59905304,-116.8392543,318,1420,3072,2048,0
building 33,om,north,32.600277,-116.8414586,2374,1311,3072,2048,0
otay resevoir - north tip,om,west,32.62868,-116.926238,2315,1153,3072,2048,1
otay resevoir - north tip,sm,south,32.62868,-116.926238,1410,1250,3072,2048,1
john nichols field airport,om,north,32.63507912,-116.8911199,335,1280,3072,2048,0
microwave tower - south,ws,south,32.646591,-116.317577,735,1580,3072,2048,0
storage silo,ws,west,32.64693624,-116.3198741,1110,1430,3072,2048,0
microwave tower - east,ws,east,32.646974,-116.317605,2600,1950,3072,2048,0
building - solar panels,ws,west,32.64741564,-116.3205118,1583,1366,3072,2048,0
north building,ws,west,32.64840052,-116.319985,2470,1412,3072,2048,0
building off road,ws,north,32.65099191,-116.3168757,1947,1192,3072,2048,0
crossroads point,ws,north,32.65581858,-116.3205807,1083,1141,3072,2048,0
lake morena - southeast tip,pi,south,32.682703,-116.531203,245,1225,3072,2048,0
lake morena - southeast tip,pi,east,32.682703,-116.531203,2845,1205,3072,2048,0
news communication tower - west,sm,west,32.69646551,-116.936759,440,1710,3072,2048,0
sweetwater resevoir,sm,west,32.697116,-116.987745,1600,1300,3072,2048,0
microwave tower,sm,west,32.69732847,-116.9373284,2300,1815,3072,2048,0
news communication tower san miguel - north,sm,north,32.698001,-116.935086,2735,1495,3072,2048,0
news communication tower san miguel - north,sm,east,32.698001,-116.935086,210,1520,3072,2048,0
south building - east corner,lp,south,32.700898,-116.765556,2970,1635,3072,2048,0
comms building,lp,west,32.70091925,-116.7656275,589,1633,3072,2048,0
communication tower - east,lp,east,32.701979,-116.763644,640,1690,3072,2048,0
communication tower - north,lp,north,32.702471,-116.764071,2200,1570,3072,2048,0
end of destiny mountain ct,sm,north,32.71389188,-116.9634166,118,1367,3072,2048,0
spring valley water treatment - center,sm,north,32.72810227,-116.9472257,1133,1365,3072,2048,0
outlet on road,pi,west,32.7336111,-116.57993,857,1592,3072,2048,0
tree in path,pi,north,32.7407794,-116.5771568,1741,1331,3072,2048,0
mt laguna water tower,ml,south,32.87597465,-116.4149882,765,637,2048,1536,1
microwave tower,ml,east,32.89201797,-116.4195892,1558,933,2048,1536,0
left corner of building,ml,east,32.8922397,-116.4199911,1288,973,2048,1536,0
road bend,cp,south,32.9180867,-116.6312484,2842,1402,3072,2048,0
road fork,cp,west,32.94826555,-116.6380082,1665,1579,3072,2048,0
road turn near paso picacho campground,cp,east,32.9565083,-116.5836456,663,1427,3072,2048,0
small mountain,ml,north,32.96181258,-116.4052869,1421,988,2048,1536,0
mt carmel high school,bl,south,32.96733,-117.12188,1840,875,2048,1536,0
end of oviedo st,bl,west,32.97368495,-117.1158788,1355,960,2048,1536,0
butterfield ranch east,ml,north,33.00424518,-116.3317522,1934,862,2048,1536,0
microwave tower - black mountain east,bl,east,32.981623,-117.115867,750,1200,2048,1536,0
lake cuyamaca - east,cp,north,32.986019,-116.579601,2190,1250,3072,2048,0
moutain road cross,ml,north,32.98048595,-116.4390748,964,934,2048,1536,0
cylinder building,wc,east,33.00557551,-116.9626569,1988,1654,3072,2048,0
del norte high school,bl,north,33.01449754,-117.1214591,881,357,2048,1536,0
mt woodson basin - center,wc,north,33.015435,-116.966807,2100,1800,3072,2048,0
white building,wc,north,33.02181953,-116.9839834,213,1493,3072,2048,0
lake ramona southwest tip,wc,west,33.02398978,-116.9973599,2274,1221,3072,2048,0
16615 highland valley rd,wc,north,33.03039957,-116.9791697,804,1409,3072,2048,0
Ramona Airport South Tip,wc,east,33.04017329,-116.9233331,198,1252,3072,2048,0
nucal egg ranch,mg,south,33.07252272,-116.776892,1731,1117,3072,2048,1
nucal egg ranch,bm,south,33.07252272,-116.776892,1067,1127,3072,2048,1
lake southerland - channel opening,bm,south,33.105561,-116.780867,900,1200,3072,2048,0
point in lake Sutherland,bm,east,33.11648335,-116.7761501,3018,1230,3072,2048,0
tree on road - off mesa grande rd,mg,south,33.15919026,-116.7198434,138,1160,3072,2048,0
tree on road - off mesa grande rd,mg,east,33.15919026,-116.7198434,2674,1050,3072,2048,0
tiny trees,bm,west,33.16113026,-116.8121351,2043,1391,3072,2048,0
crossroads,mg,south,33.16805606,-116.762014,1628,1270,3072,2048,0
sharp turn in trail,bm,north,33.16864443,-116.7972078,2808,1414,3072,2048,0
sharp turn in trail,bm,east,33.16864443,-116.7972078,321,1410,3072,2048,0
small crossroads,mg,south,33.17237393,-116.7658628,1978,1330,3072,2048,0
tree point,mg,east,33.1757671,-116.7300817,2290,1040,3072,2048,0
small tree in loop,mg,west,33.17841247,-116.7801452,555,1382,3072,2048,0
tree near southwest road,mg,west,33.19773819,-116.7830293,2242,1290,3072,2048,0
path intersection,mg,north,33.20334039,-116.7686941,817,1207,3072,2048,0
Harrah's Hotel & Casino,bh,south,33.26777,-116.95545,2175,1300,3072,2048,0
love valley clearing,mg,north,33.30066204,-116.760773,1690,1080,3072,2048,0
mt palmar south side area east end,hp,south,33.31316652,-116.818171,656,751,2048,1536,0
mt palmar south side area west end,hp,south,33.33357673,-116.8565688,1707,763,2048,1536,0
bh unknown,bh,west,33.334803,-116.919959,2055,1835,3072,2048,0
Palomar Observatory right,hp,west,33.34838843,-116.8596944,161,693,2048,1536,1
Palomar Observatory right,bh,east,33.34838843,-116.8596944,1044,1011,3072,2048,1
doane valley natural preserve clearning northeast,bh,north,33.35444233,-116.9107217,2110,1250,3072,2048,0
Palomar Observatory left,bh,east,33.35626174,-116.8648115,753,1005,3072,2048,0
Palomar Observatory,hp,west,33.35629,-116.8648,620,665,2048,1536,0
right bush,hp,east,33.36219066,-116.8348973,1825,1125,2048,1536,0
left bush,hp,north,33.36347435,-116.8364847,412,1203,2048,1536,0
red mountain water resevoir - south tip,rm,south,33.39434215,-117.1855564,630,1420,3072,2048,0
red mountain resevoir - north tip,rm,east,33.39826,-117.18636,2480,1665,3072,2048,0
red mountain water storage large,rm,east,33.40000899,-117.1864264,1890,1680,3072,2048,0
microwave tower,rm,south,33.400219,-117.190897,2420,1730,3072,2048,0
red mountain water storage small,rm,west,33.400324,-117.192417,1100,1790,3072,2048,0
red mountain north access road intersection,rm,north,33.40370301,-117.1877489,2690,1422,3072,2048,0
target - san clemente,sclm,north,33.46403242,-117.6055052,642,1183,3072,2048,1
target - san clemente,sjh,south,33.46403242,-117.6055052,1681,1152,3072,2048,1
E in hill,sjh,south,33.47968683,-117.6093276,1971,1153,3072,2048,0
microwave tower east - san juan hills,sjh,east,33.50264178,-117.6017928,2005,1215,3072,2048,0
Rancho Mission Viejo,sjh,west,33.51973819,-117.6310328,2553,1189,3072,2048,0
corner of paths,signal,south,33.60116173,-117.8154609,2800,1180,3072,2048,0
handhole,signal,south,33.60500187,-117.8111833,2873,1433,3072,2048,0
microwave tower west - signal peak,signal,west,33.60554784,-117.8113901,2623,1427,3072,2048,0
lake mission viejo - center,stgo,south,33.6310585,-117.6436993,3005,1200,3072,2048,0
lake mission viejo - center,stgo,west,33.6310585,-117.6436993,630,1270,3072,2048,0
office of technology alliances,signal,north,33.65064145,-117.8380223,795,1161,3072,2048,0
southeast corner of tustin blimp hangar #2,signal,north,33.70234758,-117.822333,1412,1105,3072,2048,0
communication tower - south far,stgo,south,33.70971889,-117.5349005,2345,1311,3072,2048,0
communication tower - southeast,stgo,east,33.71083777,-117.5334783,2555,1733,3072,2048,0
communication tower - east far,stgo,east,33.71154823,-117.5310809,1415,1290,3072,2048,0
communication tower - east near,stgo,east,33.7115553,-117.5331211,915,1400,3072,2048,0
communications tower - east,stgo,north,33.71184523,-117.5336569,2685,1605,3072,2048,0
West side of Frank R. Bowerman landfill,signal,north,33.72720048,-117.7086035,2386,1068,3072,2048,0
lake matthews - southwest tip,stgo,north,33.82992523,-117.4569443,2620,1210,3072,2048,0
69bravo building - lower,69bravo,east,34.07293223,-118.6257264,2565,1655,3072,2048,0
69bravo building - lower,69bravo,south,34.07293223,-118.6257264,210,1640,3072,2048,0
cylinder building - middle,69bravo,east,34.07434594,-118.6258528,1600,1470,3072,2048,0
cylinder building - close,69bravo,east,34.07437057,-118.6266663,1741,1613,3072,2048,0
cylinder building - far,69bravo,east,34.07462076,-118.6251,1371,1433,3072,2048,0
69braco helipad,69bravo,north,34.07506251,-118.6275065,2385,1343,3072,2048,0
blue building,69bravo,west,34.07545211,-118.6287551,2700,1210,3072,2048,0
69bravo circle building,69bravo,north,34.07823337,-118.6289516,933,1061,3072,2048,0
kwhy tower,wilson,south,34.21279121,-118.0624802,1943,1290,3072,2048,0
tower south,wilson,west,34.2238728,-118.0631837,1203,1233,3072,2048,0
observatory tower,wilson,south,34.224021,-118.0585861,1135,1995,3072,2048,0
small observatory building,wilson,east,34.22426202,-118.0578438,2160,1850,3072,2048,0
center tower,wilson,west,34.22545982,-118.0653675,1790,1195,3072,2048,0
chara array,wilson,north,34.22587356,-118.057203,2805,1480,3072,2048,0
chara array,wilson,east,34.22587356,-118.057203,190,1375,3072,2048,0
grey building,wilson,north,34.22634243,-118.0589444,1360,1520,3072,2048,0
red white tower - north,wilson,west,34.23191981,-118.0713233,2462,1100,3072,2048,0
santa ynez reservoir,dwpgm,south,34.07207823,-118.5679001,2738,1321,3072,2048,1
santa ynez reservoir,dwpgm,west,34.07207823,-118.5679001,220,1333,3072,2048,1
santa monica pier,dwpgm,south,34.00756607,-118.4997572,565,1145,3072,2048,1
santa monica pier,69bravo,east,34.00756607,-118.4997572,2266,1173,3072,2048,1
palomar medical center,ch,east,33.12227141,-117.1214827,819,1204,3072,2048,1
palomar medical center,rdd,north,33.12227141,-117.1214827,1516,1064,3072,2048,1
veritiv distribution warehouse,ch,east,33.10810753,-117.1155551,1665,1208,3072,2048,1
veritiv distribution warehouse,rdd,north,33.10810753,-117.1155551,2078,1140,3072,2048,1
mt laguna water tower,mlo,north,32.87597465,-116.4149882,1966,1055,3072,2048,1
left observatory,mlo,north,32.84083042,-116.4270603,880,1290,3072,2048,0
tree cluster end,mg,west,33.1820958,-116.7813144,880,1388,3072,2048,1
tree cluster end,bm,north,33.1820958,-116.7813144,2800,1195,3072,2048,1
